{
	"credit": "Made with Blockbench",
	"texture_size": [64, 64],
	"textures": {
		"0": "item/extinguisher",
		"particle": "item/extinguisher"
	},
	"elements": [
		{
			"from": [12, 0, 7],
			"to": [13, 15, 9],
			"rotation": {"angle": 0, "axis": "y", "origin": [11, 0, 7]},
			"faces": {
				"north": {"uv": [10.25, 2.5, 10.5, 6.25], "texture": "#0"},
				"east": {"uv": [8.5, 0, 9, 3.75], "texture": "#0"},
				"south": {"uv": [10.5, 2.5, 10.75, 6.25], "texture": "#0"},
				"west": {"uv": [8.5, 5.25, 9, 9], "texture": "#0"},
				"up": {"uv": [4.75, 12, 4.5, 11.5], "texture": "#0"},
				"down": {"uv": [11.75, 4.5, 11.5, 5], "texture": "#0"}
			}
		},
		{
			"from": [3, 0, 7],
			"to": [4, 15, 9],
			"rotation": {"angle": 0, "axis": "y", "origin": [2, 0, 7]},
			"faces": {
				"north": {"uv": [3.25, 10, 3.5, 13.75], "texture": "#0"},
				"east": {"uv": [6, 7.5, 6.5, 11.25], "texture": "#0"},
				"south": {"uv": [3.5, 10, 3.75, 13.75], "texture": "#0"},
				"west": {"uv": [6.5, 7.5, 7, 11.25], "texture": "#0"},
				"up": {"uv": [2.75, 12, 2.5, 11.5], "texture": "#0"},
				"down": {"uv": [3, 11.5, 2.75, 12], "texture": "#0"}
			}
		},
		{
			"from": [11, 0, 5],
			"to": [12, 15, 11],
			"rotation": {"angle": 0, "axis": "y", "origin": [10, 0, 6]},
			"faces": {
				"north": {"uv": [3.75, 10, 4, 13.75], "texture": "#0"},
				"east": {"uv": [0, 7.5, 1.5, 11.25], "texture": "#0"},
				"south": {"uv": [4, 10, 4.25, 13.75], "texture": "#0"},
				"west": {"uv": [1.5, 7.5, 3, 11.25], "texture": "#0"},
				"up": {"uv": [8.75, 12.25, 8.5, 10.75], "texture": "#0"},
				"down": {"uv": [9, 10.75, 8.75, 12.25], "texture": "#0"}
			}
		},
		{
			"from": [4, 0, 5],
			"to": [5, 15, 11],
			"rotation": {"angle": 0, "axis": "y", "origin": [3, 0, 6]},
			"faces": {
				"north": {"uv": [4.25, 9, 4.5, 12.75], "texture": "#0"},
				"east": {"uv": [6, 3.75, 7.5, 7.5], "texture": "#0"},
				"south": {"uv": [3, 10, 3.25, 13.75], "texture": "#0"},
				"west": {"uv": [7, 0, 8.5, 3.75], "texture": "#0"},
				"up": {"uv": [10.25, 4, 10, 2.5], "texture": "#0"},
				"down": {"uv": [11, 4, 10.75, 5.5], "texture": "#0"}
			}
		},
		{
			"from": [9, 0, 4],
			"to": [11, 15, 12],
			"rotation": {"angle": 0, "axis": "y", "origin": [9, 0, 6]},
			"faces": {
				"north": {"uv": [7, 7.5, 7.5, 11.25], "texture": "#0"},
				"east": {"uv": [4, 3.75, 6, 7.5], "texture": "#0"},
				"south": {"uv": [8, 5.25, 8.5, 9], "texture": "#0"},
				"west": {"uv": [5, 0, 7, 3.75], "texture": "#0"},
				"up": {"uv": [8, 11.5, 7.5, 9.5], "texture": "#0"},
				"down": {"uv": [8.5, 9.5, 8, 11.5], "texture": "#0"}
			}
		},
		{
			"from": [5, 0, 4],
			"to": [7, 15, 12],
			"rotation": {"angle": 0, "axis": "y", "origin": [5, 0, 6]},
			"faces": {
				"north": {"uv": [7.5, 5.25, 8, 9], "texture": "#0"},
				"east": {"uv": [0, 3.75, 2, 7.5], "texture": "#0"},
				"south": {"uv": [5.5, 7.5, 6, 11.25], "texture": "#0"},
				"west": {"uv": [2, 3.75, 4, 7.5], "texture": "#0"},
				"up": {"uv": [10, 2.5, 9.5, 0.5], "texture": "#0"},
				"down": {"uv": [10, 2.5, 9.5, 4.5], "texture": "#0"}
			}
		},
		{
			"from": [7, 0, 3],
			"to": [9, 15, 13],
			"rotation": {"angle": 0, "axis": "y", "origin": [7, 11, 4]},
			"faces": {
				"north": {"uv": [4.5, 7.5, 5, 11.25], "texture": "#0"},
				"east": {"uv": [0, 0, 2.5, 3.75], "texture": "#0"},
				"south": {"uv": [5, 7.5, 5.5, 11.25], "texture": "#0"},
				"west": {"uv": [2.5, 0, 5, 3.75], "texture": "#0"},
				"up": {"uv": [9.5, 2.5, 9, 0], "texture": "#0"},
				"down": {"uv": [9.5, 2.5, 9, 5], "texture": "#0"}
			}
		},
		{
			"from": [5, 15, 5],
			"to": [11, 17, 11],
			"rotation": {"angle": 0, "axis": "y", "origin": [7, 15, 7]},
			"faces": {
				"north": {"uv": [9.75, 9, 11.25, 9.5], "texture": "#0"},
				"east": {"uv": [10.25, 6.25, 11.75, 6.75], "texture": "#0"},
				"south": {"uv": [10.25, 6.75, 11.75, 7.25], "texture": "#0"},
				"west": {"uv": [10.25, 7.25, 11.75, 7.75], "texture": "#0"},
				"up": {"uv": [4.5, 9, 3, 7.5], "texture": "#0"},
				"down": {"uv": [9, 3.75, 7.5, 5.25], "texture": "#0"}
			}
		},
		{
			"from": [7, 15, 3],
			"to": [9, 16, 4],
			"rotation": {"angle": 0, "axis": "y", "origin": [6, 15, 3]},
			"faces": {
				"north": {"uv": [4.75, 11.5, 5.25, 11.75], "texture": "#0"},
				"east": {"uv": [10.75, 11.75, 11, 12], "texture": "#0"},
				"south": {"uv": [11.5, 5, 12, 5.25], "texture": "#0"},
				"west": {"uv": [11, 11.75, 11.25, 12], "texture": "#0"},
				"up": {"uv": [5.75, 11.75, 5.25, 11.5], "texture": "#0"},
				"down": {"uv": [12, 5.25, 11.5, 5.5], "texture": "#0"}
			}
		},
		{
			"from": [7, 15, 12],
			"to": [9, 16, 13],
			"rotation": {"angle": 0, "axis": "y", "origin": [6, 15, 12]},
			"faces": {
				"north": {"uv": [7.75, 11.5, 8.25, 11.75], "texture": "#0"},
				"east": {"uv": [0.75, 12, 1, 12.25], "texture": "#0"},
				"south": {"uv": [11.5, 8, 12, 8.25], "texture": "#0"},
				"west": {"uv": [1, 12, 1.25, 12.25], "texture": "#0"},
				"up": {"uv": [12, 8.5, 11.5, 8.25], "texture": "#0"},
				"down": {"uv": [12, 8.5, 11.5, 8.75], "texture": "#0"}
			}
		},
		{
			"from": [7, 16, 4],
			"to": [9, 17, 5],
			"rotation": {"angle": 0, "axis": "y", "origin": [6, 16, 4]},
			"faces": {
				"north": {"uv": [5.75, 11.5, 6.25, 11.75], "texture": "#0"},
				"east": {"uv": [11.75, 11, 12, 11.25], "texture": "#0"},
				"south": {"uv": [6.25, 11.5, 6.75, 11.75], "texture": "#0"},
				"west": {"uv": [11.25, 11.75, 11.5, 12], "texture": "#0"},
				"up": {"uv": [7.25, 11.75, 6.75, 11.5], "texture": "#0"},
				"down": {"uv": [7.75, 11.5, 7.25, 11.75], "texture": "#0"}
			}
		},
		{
			"from": [5, 15, 11],
			"to": [11, 16, 12],
			"rotation": {"angle": 0, "axis": "y", "origin": [4, 15, 11]},
			"faces": {
				"north": {"uv": [10.5, 10.75, 12, 11], "texture": "#0"},
				"east": {"uv": [0, 12, 0.25, 12.25], "texture": "#0"},
				"south": {"uv": [10.75, 10.5, 12.25, 10.75], "texture": "#0"},
				"west": {"uv": [0.25, 12, 0.5, 12.25], "texture": "#0"},
				"up": {"uv": [12.5, 0.75, 11, 0.5], "texture": "#0"},
				"down": {"uv": [12.5, 0.75, 11, 1], "texture": "#0"}
			}
		},
		{
			"from": [5, 15, 4],
			"to": [11, 16, 5],
			"rotation": {"angle": 0, "axis": "y", "origin": [8, 15, 4]},
			"faces": {
				"north": {"uv": [10.75, 5.5, 12.25, 5.75], "texture": "#0"},
				"east": {"uv": [11.5, 11.75, 11.75, 12], "texture": "#0"},
				"south": {"uv": [10.75, 5.75, 12.25, 6], "texture": "#0"},
				"west": {"uv": [11.75, 11.75, 12, 12], "texture": "#0"},
				"up": {"uv": [12.25, 6.25, 10.75, 6], "texture": "#0"},
				"down": {"uv": [10.5, 10.75, 9, 11], "texture": "#0"}
			}
		},
		{
			"from": [7, 16, 11],
			"to": [9, 17, 12],
			"rotation": {"angle": 0, "axis": "y", "origin": [6, 16, 11]},
			"faces": {
				"north": {"uv": [11.5, 8.75, 12, 9], "texture": "#0"},
				"east": {"uv": [1.75, 12, 2, 12.25], "texture": "#0"},
				"south": {"uv": [11.5, 10, 12, 10.25], "texture": "#0"},
				"west": {"uv": [2, 12, 2.25, 12.25], "texture": "#0"},
				"up": {"uv": [12, 10.5, 11.5, 10.25], "texture": "#0"},
				"down": {"uv": [12, 11.25, 11.5, 11.5], "texture": "#0"}
			}
		},
		{
			"from": [6, 17, 10],
			"to": [10, 18, 11],
			"rotation": {"angle": 0, "axis": "y", "origin": [6, 17, 10]},
			"faces": {
				"north": {"uv": [11, 2, 12, 2.25], "texture": "#0"},
				"east": {"uv": [12, 5.25, 12.25, 5.5], "texture": "#0"},
				"south": {"uv": [11, 2.25, 12, 2.5], "texture": "#0"},
				"west": {"uv": [5.5, 12, 5.75, 12.25], "texture": "#0"},
				"up": {"uv": [10.75, 11.25, 9.75, 11], "texture": "#0"},
				"down": {"uv": [11.75, 11, 10.75, 11.25], "texture": "#0"}
			}
		},
		{
			"from": [6, 17, 5],
			"to": [10, 18, 6],
			"rotation": {"angle": 0, "axis": "y", "origin": [6, 17, 5]},
			"faces": {
				"north": {"uv": [0, 11.25, 1, 11.5], "texture": "#0"},
				"east": {"uv": [5.75, 12, 6, 12.25], "texture": "#0"},
				"south": {"uv": [1, 11.25, 2, 11.5], "texture": "#0"},
				"west": {"uv": [6, 12, 6.25, 12.25], "texture": "#0"},
				"up": {"uv": [3, 11.5, 2, 11.25], "texture": "#0"},
				"down": {"uv": [12.25, 4, 11.25, 4.25], "texture": "#0"}
			}
		},
		{
			"from": [6, 17, 6],
			"to": [10, 19, 10],
			"rotation": {"angle": 0, "axis": "y", "origin": [6, 17, 10]},
			"faces": {
				"north": {"uv": [10.5, 10, 11.5, 10.5], "texture": "#0"},
				"east": {"uv": [10.75, 2.5, 11.75, 3], "texture": "#0"},
				"south": {"uv": [10.75, 3, 11.75, 3.5], "texture": "#0"},
				"west": {"uv": [10.75, 3.5, 11.75, 4], "texture": "#0"},
				"up": {"uv": [9.5, 10.5, 8.5, 9.5], "texture": "#0"},
				"down": {"uv": [10.5, 9.5, 9.5, 10.5], "texture": "#0"}
			}
		},
		{
			"from": [11, 15, 5],
			"to": [12, 16, 11],
			"rotation": {"angle": 0, "axis": "y", "origin": [9, 15, 5]},
			"faces": {
				"north": {"uv": [12, 2, 12.25, 2.25], "texture": "#0"},
				"east": {"uv": [11, 1, 12.5, 1.25], "texture": "#0"},
				"south": {"uv": [12, 2.25, 12.25, 2.5], "texture": "#0"},
				"west": {"uv": [11, 1.25, 12.5, 1.5], "texture": "#0"},
				"up": {"uv": [11.25, 5.5, 11, 4], "texture": "#0"},
				"down": {"uv": [9.25, 11, 9, 12.5], "texture": "#0"}
			}
		},
		{
			"from": [4, 15, 5],
			"to": [5, 16, 11],
			"rotation": {"angle": 0, "axis": "y", "origin": [2, 15, 5]},
			"faces": {
				"north": {"uv": [4.5, 12, 4.75, 12.25], "texture": "#0"},
				"east": {"uv": [11, 1.5, 12.5, 1.75], "texture": "#0"},
				"south": {"uv": [12, 4.5, 12.25, 4.75], "texture": "#0"},
				"west": {"uv": [11, 1.75, 12.5, 2], "texture": "#0"},
				"up": {"uv": [9.5, 12.5, 9.25, 11], "texture": "#0"},
				"down": {"uv": [9.75, 11, 9.5, 12.5], "texture": "#0"}
			}
		},
		{
			"from": [4, 16, 7],
			"to": [5, 17, 9],
			"rotation": {"angle": 0, "axis": "y", "origin": [2, 16, 7]},
			"faces": {
				"north": {"uv": [12, 4.75, 12.25, 5], "texture": "#0"},
				"east": {"uv": [1.75, 11.75, 2.25, 12], "texture": "#0"},
				"south": {"uv": [5, 12, 5.25, 12.25], "texture": "#0"},
				"west": {"uv": [11.75, 2.5, 12.25, 2.75], "texture": "#0"},
				"up": {"uv": [2.5, 12.25, 2.25, 11.75], "texture": "#0"},
				"down": {"uv": [12, 2.75, 11.75, 3.25], "texture": "#0"}
			}
		},
		{
			"from": [12, 15, 7],
			"to": [13, 16, 9],
			"rotation": {"angle": 0, "axis": "y", "origin": [10, 15, 7]},
			"faces": {
				"north": {"uv": [2.5, 12, 2.75, 12.25], "texture": "#0"},
				"east": {"uv": [11.5, 11.5, 12, 11.75], "texture": "#0"},
				"south": {"uv": [2.75, 12, 3, 12.25], "texture": "#0"},
				"west": {"uv": [11.75, 0, 12.25, 0.25], "texture": "#0"},
				"up": {"uv": [8.5, 12, 8.25, 11.5], "texture": "#0"},
				"down": {"uv": [0.75, 11.75, 0.5, 12.25], "texture": "#0"}
			}
		},
		{
			"from": [11, 16, 7],
			"to": [12, 17, 9],
			"rotation": {"angle": 0, "axis": "y", "origin": [9, 15, 7]},
			"faces": {
				"north": {"uv": [12, 5, 12.25, 5.25], "texture": "#0"},
				"east": {"uv": [11.75, 3.25, 12.25, 3.5], "texture": "#0"},
				"south": {"uv": [5.25, 12, 5.5, 12.25], "texture": "#0"},
				"west": {"uv": [11.75, 3.5, 12.25, 3.75], "texture": "#0"},
				"up": {"uv": [12, 5, 11.75, 4.5], "texture": "#0"},
				"down": {"uv": [5, 11.75, 4.75, 12.25], "texture": "#0"}
			}
		},
		{
			"from": [10, 17, 6],
			"to": [11, 18, 10],
			"rotation": {"angle": 0, "axis": "y", "origin": [8, 16, 7]},
			"faces": {
				"north": {"uv": [6.25, 12, 6.5, 12.25], "texture": "#0"},
				"east": {"uv": [11.25, 4.25, 12.25, 4.5], "texture": "#0"},
				"south": {"uv": [6.5, 12, 6.75, 12.25], "texture": "#0"},
				"west": {"uv": [4.5, 11.25, 5.5, 11.5], "texture": "#0"},
				"up": {"uv": [10.25, 5, 10, 4], "texture": "#0"},
				"down": {"uv": [11.5, 4.5, 11.25, 5.5], "texture": "#0"}
			}
		},
		{
			"from": [5, 17, 6],
			"to": [6, 18, 10],
			"rotation": {"angle": 0, "axis": "y", "origin": [3, 16, 7]},
			"faces": {
				"north": {"uv": [6.75, 12, 7, 12.25], "texture": "#0"},
				"east": {"uv": [5.5, 11.25, 6.5, 11.5], "texture": "#0"},
				"south": {"uv": [7, 12, 7.25, 12.25], "texture": "#0"},
				"west": {"uv": [6.5, 11.25, 7.5, 11.5], "texture": "#0"},
				"up": {"uv": [11.5, 9, 11.25, 8], "texture": "#0"},
				"down": {"uv": [10, 11.25, 9.75, 12.25], "texture": "#0"}
			}
		},
		{
			"from": [3, 15, 7],
			"to": [4, 16, 9],
			"rotation": {"angle": 0, "axis": "y", "origin": [1, 15, 7]},
			"faces": {
				"north": {"uv": [12, 2.75, 12.25, 3], "texture": "#0"},
				"east": {"uv": [11.75, 0.25, 12.25, 0.5], "texture": "#0"},
				"south": {"uv": [12, 3, 12.25, 3.25], "texture": "#0"},
				"west": {"uv": [0.75, 11.75, 1.25, 12], "texture": "#0"},
				"up": {"uv": [1.5, 12.25, 1.25, 11.75], "texture": "#0"},
				"down": {"uv": [1.75, 11.75, 1.5, 12.25], "texture": "#0"}
			}
		},
		{
			"from": [7, 21, 7.01],
			"to": [16, 22, 8.99],
			"rotation": {"angle": 22.5, "axis": "z", "origin": [7, 22, 7]},
			"faces": {
				"north": {"uv": [10.5, 9.5, 12.75, 9.75], "texture": "#0"},
				"east": {"uv": [11.75, 6.5, 12.25, 6.75], "texture": "#0"},
				"south": {"uv": [10.5, 9.75, 12.75, 10], "texture": "#0"},
				"west": {"uv": [11.75, 6.75, 12.25, 7], "texture": "#0"},
				"up": {"uv": [11.25, 9, 9, 8.5], "texture": "#0"},
				"down": {"uv": [11.75, 0, 9.5, 0.5], "texture": "#0"}
			}
		},
		{
			"from": [7, 21, 7],
			"to": [16, 22, 9],
			"rotation": {"angle": 0, "axis": "z", "origin": [7, 21, 7]},
			"faces": {
				"north": {"uv": [10.25, 7.75, 12.5, 8], "texture": "#0"},
				"east": {"uv": [11.75, 6.25, 12.25, 6.5], "texture": "#0"},
				"south": {"uv": [8.5, 10.5, 10.75, 10.75], "texture": "#0"},
				"west": {"uv": [6.5, 11.75, 7, 12], "texture": "#0"},
				"up": {"uv": [9.75, 9.5, 7.5, 9], "texture": "#0"},
				"down": {"uv": [11.25, 8, 9, 8.5], "texture": "#0"}
			}
		},
		{
			"from": [7, 20, 7],
			"to": [9, 21, 9],
			"rotation": {"angle": 0, "axis": "y", "origin": [7, 20, 7]},
			"faces": {
				"north": {"uv": [7, 11.75, 7.5, 12], "texture": "#0"},
				"east": {"uv": [11.75, 7, 12.25, 7.25], "texture": "#0"},
				"south": {"uv": [11.75, 7.25, 12.25, 7.5], "texture": "#0"},
				"west": {"uv": [7.5, 11.75, 8, 12], "texture": "#0"},
				"up": {"uv": [10.5, 11.75, 10, 11.25], "texture": "#0"},
				"down": {"uv": [11, 11.25, 10.5, 11.75], "texture": "#0"}
			}
		},
		{
			"from": [7, 19, 7],
			"to": [9, 20, 9],
			"rotation": {"angle": 0, "axis": "y", "origin": [6, 19, 10]},
			"faces": {
				"north": {"uv": [11.75, 3.75, 12.25, 4], "texture": "#0"},
				"east": {"uv": [5, 11.75, 5.5, 12], "texture": "#0"},
				"south": {"uv": [5.5, 11.75, 6, 12], "texture": "#0"},
				"west": {"uv": [6, 11.75, 6.5, 12], "texture": "#0"},
				"up": {"uv": [10, 5, 9.5, 4.5], "texture": "#0"},
				"down": {"uv": [11.75, 9, 11.25, 9.5], "texture": "#0"}
			}
		},
		{
			"from": [5, 20.5, 7.5],
			"to": [7, 21.5, 8.5],
			"rotation": {"angle": 0, "axis": "y", "origin": [7, 21.5, 7.5]},
			"faces": {
				"north": {"uv": [0.5, 11.5, 1, 11.75], "texture": "#0"},
				"east": {"uv": [11.75, 7.5, 12, 7.75], "texture": "#0"},
				"south": {"uv": [1, 11.5, 1.5, 11.75], "texture": "#0"},
				"west": {"uv": [10.5, 11.75, 10.75, 12], "texture": "#0"},
				"up": {"uv": [2, 11.75, 1.5, 11.5], "texture": "#0"},
				"down": {"uv": [2.5, 11.5, 2, 11.75], "texture": "#0"}
			}
		},
		{
			"from": [4, 20, 7],
			"to": [5, 22, 9],
			"rotation": {"angle": 0, "axis": "z", "origin": [3, 22.50001, 6.5]},
			"faces": {
				"north": {"uv": [8, 11.75, 8.25, 12.25], "texture": "#0"},
				"east": {"uv": [11, 11.25, 11.5, 11.75], "texture": "#0"},
				"south": {"uv": [11.75, 9, 12, 9.5], "texture": "#0"},
				"west": {"uv": [0, 11.5, 0.5, 12], "texture": "#0"},
				"up": {"uv": [10.25, 12.25, 10, 11.75], "texture": "#0"},
				"down": {"uv": [10.5, 11.75, 10.25, 12.25], "texture": "#0"}
			}
		},
		{
			"from": [-1.99999, 19.00001, 6],
			"to": [4.00001, 23.00001, 10],
			"rotation": {"angle": 0, "axis": "z", "origin": [2.00001, 22.50001, 6.5]},
			"faces": {
				"north": {"uv": [3, 9, 4.25, 10], "texture": "#0"},
				"east": {"uv": [10, 0.5, 11, 1.5], "texture": "#0"},
				"south": {"uv": [9, 5, 10.25, 6], "texture": "#0"},
				"west": {"uv": [10, 1.5, 11, 2.5], "texture": "#0"},
				"up": {"uv": [10.25, 7, 9, 6], "texture": "#0"},
				"down": {"uv": [10.25, 7, 9, 8], "texture": "#0"}
			}
		}
	],
	"display": {
		"thirdperson_righthand": {
			"rotation": [50, -90, 0],
			"translation": [0, -3.25, -5.25],
			"scale": [0.6, 0.6, 0.6]
		},
		"thirdperson_lefthand": {
			"rotation": [50, 90, 0],
			"translation": [0, -3.25, -5.25],
			"scale": [0.6, 0.6, 0.6]
		},
		"firstperson_righthand": {
			"rotation": [0, -100, 0],
			"translation": [-0.5, 10, 0],
			"scale": [0.5, 0.5, 0.5]
		},
		"firstperson_lefthand": {
			"rotation": [0, 80, 0],
			"translation": [-0.5, 10, 0],
			"scale": [0.5, 0.5, 0.5]
		},
		"gui": {
			"rotation": [16, -46, 0],
			"translation": [1.25, -2.25, 0],
			"scale": [0.6, 0.6, 0.6]
		}
	},
	"groups": [
		{
			"name": "Body",
			"origin": [7, 11, 4],
			"color": 0,
			"children": [0, 1, 2, 3, 4, 5, 6]
		},
		{
			"name": "Cap",
			"origin": [1, 15, 7],
			"color": 0,
			"children": [7, 8, 9, 10, 11, 12, 13, 14, 15, 16, 17, 18, 19, 20, 21, 22, 23, 24]
		},
		{
			"name": "Handle",
			"origin": [7, 20, 7],
			"color": 0,
			"children": [25, 26, 27, 28]
		},
		{
			"name": "Hose",
			"origin": [-0.89296, 18.23063, 7.5],
			"color": 0,
			"children": [29]
		},
		{
			"name": "Nozzle",
			"origin": [-3.041, 9.45899, 6.5],
			"color": 0,
			"children": [30, 31]
		}
	]
}