{
	"credit": "Made with Blockbench",
	"texture_size": [32, 32],
	"textures": {
		"0": "item/sniper",
		"particle": "item/sniper"
	},
	"elements": [
		{
			"from": [7, 5, 3],
			"to": [9, 7, 10],
			"rotation": {"angle": 0, "axis": "y", "origin": [7, 5, 3]},
			"faces": {
				"north": {"uv": [7, 5.5, 8, 6.5], "texture": "#0"},
				"east": {"uv": [0, 3, 3.5, 4], "texture": "#0"},
				"south": {"uv": [6.5, 7, 7.5, 8], "texture": "#0"},
				"west": {"uv": [3, 0, 6.5, 1], "texture": "#0"},
				"up": {"uv": [4.5, 4.5, 3.5, 1], "texture": "#0"},
				"down": {"uv": [1, 4, 0, 7.5], "texture": "#0"}
			}
		},
		{
			"from": [7.5, 5.5, -3],
			"to": [8.5, 6.5, 3],
			"rotation": {"angle": 0, "axis": "y", "origin": [7, 5, -1]},
			"faces": {
				"north": {"uv": [3, 2.5, 3.5, 3], "texture": "#0"},
				"east": {"uv": [6.5, 0, 9.5, 0.5], "texture": "#0"},
				"south": {"uv": [3, 4, 3.5, 4.5], "texture": "#0"},
				"west": {"uv": [6.5, 0.5, 9.5, 1], "texture": "#0"},
				"up": {"uv": [4, 9.5, 3.5, 6.5], "texture": "#0"},
				"down": {"uv": [7, 4, 6.5, 7], "texture": "#0"}
			}
		},
		{
			"from": [7, 4, 10],
			"to": [9, 7, 16],
			"rotation": {"angle": 0, "axis": "y", "origin": [7, 5, 10]},
			"faces": {
				"north": {"uv": [6.5, 1, 7.5, 2.5], "texture": "#0"},
				"east": {"uv": [0, 0, 3, 1.5], "texture": "#0"},
				"south": {"uv": [1, 7, 2, 8.5], "texture": "#0"},
				"west": {"uv": [0, 1.5, 3, 3], "texture": "#0"},
				"up": {"uv": [2, 7, 1, 4], "texture": "#0"},
				"down": {"uv": [3, 4, 2, 7], "texture": "#0"}
			}
		},
		{
			"from": [7, 6, 16],
			"to": [9, 7, 20],
			"rotation": {"angle": 0, "axis": "y", "origin": [7, 5, 16]},
			"faces": {
				"north": {"uv": [6.5, 8, 7.5, 8.5], "texture": "#0"},
				"east": {"uv": [6.5, 2.5, 8.5, 3], "texture": "#0"},
				"south": {"uv": [8, 7.5, 9, 8], "texture": "#0"},
				"west": {"uv": [7, 6.5, 9, 7], "texture": "#0"},
				"up": {"uv": [5.5, 3, 4.5, 1], "texture": "#0"},
				"down": {"uv": [4, 4.5, 3, 6.5], "texture": "#0"}
			}
		},
		{
			"from": [7, 4, 20],
			"to": [9, 7, 21],
			"rotation": {"angle": 0, "axis": "y", "origin": [7, 5, 21]},
			"faces": {
				"north": {"uv": [2, 7, 3, 8.5], "texture": "#0"},
				"east": {"uv": [3, 1, 3.5, 2.5], "texture": "#0"},
				"south": {"uv": [4, 7, 5, 8.5], "texture": "#0"},
				"west": {"uv": [6, 7.5, 6.5, 9], "texture": "#0"},
				"up": {"uv": [9, 8.5, 8, 8], "texture": "#0"},
				"down": {"uv": [1, 8.5, 0, 9], "texture": "#0"}
			}
		},
		{
			"from": [7.01, 1, 14],
			"to": [8.99, 5, 16],
			"rotation": {"angle": -22.5, "axis": "x", "origin": [7, 4, 16]},
			"faces": {
				"north": {"uv": [4.5, 3, 5.5, 5], "texture": "#0"},
				"east": {"uv": [4, 5, 5, 7], "texture": "#0"},
				"south": {"uv": [5, 5, 6, 7], "texture": "#0"},
				"west": {"uv": [5.5, 1, 6.5, 3], "texture": "#0"},
				"up": {"uv": [1, 8.5, 0, 7.5], "texture": "#0"},
				"down": {"uv": [8.5, 1, 7.5, 2], "texture": "#0"}
			}
		},
		{
			"from": [7.5, 3, 3],
			"to": [8.5, 5, 4],
			"rotation": {"angle": 0, "axis": "y", "origin": [7, 3, 3]},
			"faces": {
				"north": {"uv": [5.5, 4, 6, 5], "texture": "#0"},
				"east": {"uv": [1, 8.5, 1.5, 9.5], "texture": "#0"},
				"south": {"uv": [8.5, 1, 9, 2], "texture": "#0"},
				"west": {"uv": [1.5, 8.5, 2, 9.5], "texture": "#0"},
				"up": {"uv": [4.5, 5, 4, 4.5], "texture": "#0"},
				"down": {"uv": [9, 2.5, 8.5, 3], "texture": "#0"}
			}
		},
		{
			"from": [7.5, 1.25, 10],
			"to": [8.5, 4, 12],
			"rotation": {"angle": 0, "axis": "y", "origin": [7, 2, 10]},
			"faces": {
				"north": {"uv": [7.5, 7.5, 8, 9], "texture": "#0"},
				"east": {"uv": [7, 4, 8, 5.5], "texture": "#0"},
				"south": {"uv": [8, 4, 8.5, 5.5], "texture": "#0"},
				"west": {"uv": [5, 7, 6, 8.5], "texture": "#0"},
				"up": {"uv": [2.5, 9.5, 2, 8.5], "texture": "#0"},
				"down": {"uv": [3, 8.5, 2.5, 9.5], "texture": "#0"}
			}
		},
		{
			"from": [8, 3, 12.5],
			"to": [8, 4, 13.25],
			"rotation": {"angle": 0, "axis": "y", "origin": [7, 2, 12.5]},
			"faces": {
				"north": {"uv": [0, 0, 0, 0.5], "texture": "#0"},
				"east": {"uv": [4, 8.5, 4.5, 9], "texture": "#0"},
				"south": {"uv": [0, 0, 0, 0.5], "texture": "#0"},
				"west": {"uv": [8.5, 4, 9, 4.5], "texture": "#0"},
				"up": {"uv": [0, 0.5, 0, 0], "texture": "#0"},
				"down": {"uv": [0, 0, 0, 0.5], "texture": "#0"}
			}
		},
		{
			"from": [8, 2.25, 12.5],
			"to": [8, 3, 15.5],
			"rotation": {"angle": 0, "axis": "y", "origin": [7, 2, 12.5]},
			"faces": {
				"north": {"uv": [0, 0, 0, 0.5], "texture": "#0"},
				"east": {"uv": [8, 5.5, 9.5, 6], "texture": "#0"},
				"south": {"uv": [0, 0, 0, 0.5], "texture": "#0"},
				"west": {"uv": [8, 6, 9.5, 6.5], "texture": "#0"},
				"up": {"uv": [0, 1.5, 0, 0], "texture": "#0"},
				"down": {"uv": [0, 0, 0, 1.5], "texture": "#0"}
			}
		},
		{
			"from": [8, 7, 10],
			"to": [8, 7.5, 14],
			"rotation": {"angle": 0, "axis": "y", "origin": [7, 7, 10]},
			"faces": {
				"north": {"uv": [0, 0, 0, 0.5], "texture": "#0"},
				"east": {"uv": [7.5, 2, 9.5, 2.5], "texture": "#0"},
				"south": {"uv": [0, 0, 0, 0.5], "texture": "#0"},
				"west": {"uv": [7.5, 7, 9.5, 7.5], "texture": "#0"},
				"up": {"uv": [0, 2, 0, 0], "texture": "#0"},
				"down": {"uv": [0, 0, 0, 2], "texture": "#0"}
			}
		},
		{
			"from": [7.5, 7.5, 8],
			"to": [8.5, 8.5, 15],
			"rotation": {"angle": 0, "axis": "y", "origin": [7, 7.5, 10]},
			"faces": {
				"north": {"uv": [4.5, 8.5, 5, 9], "texture": "#0"},
				"east": {"uv": [5.5, 3, 9, 3.5], "texture": "#0"},
				"south": {"uv": [8.5, 4.5, 9, 5], "texture": "#0"},
				"west": {"uv": [5.5, 3.5, 9, 4], "texture": "#0"},
				"up": {"uv": [6.5, 7.5, 6, 4], "texture": "#0"},
				"down": {"uv": [3.5, 6.5, 3, 10], "texture": "#0"}
			}
		}
	],
	"display": {
		"thirdperson_righthand": {
			"translation": [0, 3.75, -4.25]
		},
		"thirdperson_lefthand": {
			"translation": [0, 3.75, -4.25]
		},
		"firstperson_righthand": {
			"rotation": [15, 0, 0],
			"translation": [0, 16, -2.5]
		},
		"firstperson_lefthand": {
			"rotation": [15, 0, 0],
			"translation": [0, 16, -2.5]
		},
		"ground": {
			"translation": [0, 2, -2]
		},
		"gui": {
			"rotation": [-23, 129, 24],
			"translation": [-0.25, 3, 0],
			"scale": [0.8, 0.8, 0.8]
		}
	}
}