{
	"credit": "Made with Blockbench",
	"texture_size": [32, 32],
	"textures": {
		"0": "item/rifle",
		"particle": "item/rifle"
	},
	"elements": [
		{
			"from": [7.5, 4.5, -6],
			"to": [8.5, 5.5, -1],
			"rotation": {"angle": 0, "axis": "y", "origin": [7.5, 4.5, -11]},
			"faces": {
				"north": {"uv": [9, 6, 9.5, 6.5], "texture": "#0"},
				"east": {"uv": [7, 1, 9.5, 1.5], "texture": "#0"},
				"south": {"uv": [9, 6.5, 9.5, 7], "texture": "#0"},
				"west": {"uv": [7, 1.5, 9.5, 2], "texture": "#0"},
				"up": {"uv": [5.5, 10, 5, 7.5], "texture": "#0"},
				"down": {"uv": [6, 7.5, 5.5, 10], "texture": "#0"}
			}
		},
		{
			"from": [7, 4, -1],
			"to": [9, 6, 13],
			"rotation": {"angle": 0, "axis": "y", "origin": [7.5, 3.5, 2]},
			"faces": {
				"north": {"uv": [8, 2, 9, 3], "texture": "#0"},
				"east": {"uv": [0, 0, 7, 1], "texture": "#0"},
				"south": {"uv": [8, 3, 9, 4], "texture": "#0"},
				"west": {"uv": [0, 1, 7, 2], "texture": "#0"},
				"up": {"uv": [1, 9, 0, 2], "texture": "#0"},
				"down": {"uv": [2, 2, 1, 9], "texture": "#0"}
			}
		},
		{
			"from": [7.01, 3.5, 14],
			"to": [8.99, 5.5, 19],
			"rotation": {"angle": 0, "axis": "y", "origin": [7, 3.5, 13]},
			"faces": {
				"north": {"uv": [8, 4, 9, 5], "texture": "#0"},
				"east": {"uv": [5.5, 2, 8, 3], "texture": "#0"},
				"south": {"uv": [8, 5, 9, 6], "texture": "#0"},
				"west": {"uv": [5.5, 3, 8, 4], "texture": "#0"},
				"up": {"uv": [7, 6.5, 6, 4], "texture": "#0"},
				"down": {"uv": [7, 6.5, 6, 9], "texture": "#0"}
			}
		},
		{
			"from": [7.005, 1.51256, 12.50522],
			"to": [8.995, 3.51256, 19.00522],
			"rotation": {"angle": 22.5, "axis": "x", "origin": [8, 3.51256, 19.00522]},
			"faces": {
				"north": {"uv": [8, 6, 9, 7], "texture": "#0"},
				"east": {"uv": [2, 2, 5.5, 3], "texture": "#0"},
				"south": {"uv": [8, 7, 9, 8], "texture": "#0"},
				"west": {"uv": [2, 3, 5.5, 4], "texture": "#0"},
				"up": {"uv": [3, 7.5, 2, 4], "texture": "#0"},
				"down": {"uv": [4, 4, 3, 7.5], "texture": "#0"}
			}
		},
		{
			"from": [7.01, 0.17822, 11.12955],
			"to": [8.99, 3.17822, 12.62955],
			"rotation": {"angle": -22.5, "axis": "x", "origin": [7, 1.17822, 11.12955]},
			"faces": {
				"north": {"uv": [7, 4, 8, 5.5], "texture": "#0"},
				"east": {"uv": [7, 5.5, 8, 7], "texture": "#0"},
				"south": {"uv": [7, 7, 8, 8.5], "texture": "#0"},
				"west": {"uv": [2, 7.5, 3, 9], "texture": "#0"},
				"up": {"uv": [9, 9, 8, 8], "texture": "#0"},
				"down": {"uv": [8, 8.5, 7, 9.5], "texture": "#0"}
			}
		},
		{
			"from": [7, 3, 5],
			"to": [9, 4, 12],
			"rotation": {"angle": 0, "axis": "y", "origin": [7, 3, 2]},
			"faces": {
				"north": {"uv": [1, 9, 2, 9.5], "texture": "#0"},
				"east": {"uv": [7, 0, 10.5, 0.5], "texture": "#0"},
				"south": {"uv": [2, 9, 3, 9.5], "texture": "#0"},
				"west": {"uv": [7, 0.5, 10.5, 1], "texture": "#0"},
				"up": {"uv": [5, 7.5, 4, 4], "texture": "#0"},
				"down": {"uv": [6, 4, 5, 7.5], "texture": "#0"}
			}
		},
		{
			"from": [7.01, 3, 5],
			"to": [8.99, 4.25, 6],
			"rotation": {"angle": -22.5, "axis": "x", "origin": [7, 3, 5]},
			"faces": {
				"north": {"uv": [9, 2, 10, 2.5], "texture": "#0"},
				"east": {"uv": [9, 7, 9.5, 7.5], "texture": "#0"},
				"south": {"uv": [9, 2.5, 10, 3], "texture": "#0"},
				"west": {"uv": [9, 7.5, 9.5, 8], "texture": "#0"},
				"up": {"uv": [4, 9.5, 3, 9], "texture": "#0"},
				"down": {"uv": [10, 3, 9, 3.5], "texture": "#0"}
			}
		},
		{
			"from": [7.5, 0, 5],
			"to": [8.5, 3, 7],
			"rotation": {"angle": 0, "axis": "y", "origin": [7, 1, 5]},
			"faces": {
				"north": {"uv": [0, 9, 0.5, 10.5], "texture": "#0"},
				"east": {"uv": [3, 7.5, 4, 9], "texture": "#0"},
				"south": {"uv": [0.5, 9, 1, 10.5], "texture": "#0"},
				"west": {"uv": [4, 7.5, 5, 9], "texture": "#0"},
				"up": {"uv": [9.5, 4.5, 9, 3.5], "texture": "#0"},
				"down": {"uv": [4.5, 9, 4, 10], "texture": "#0"}
			}
		},
		{
			"from": [8, 1.27597, 8.86418],
			"to": [8, 3.02597, 9.61418],
			"rotation": {"angle": 0, "axis": "y", "origin": [7, 1.02597, 8.61418]},
			"faces": {
				"north": {"uv": [0, 0, 0, 1], "texture": "#0"},
				"east": {"uv": [4.5, 9, 5, 10], "texture": "#0"},
				"south": {"uv": [0, 0, 0, 1], "texture": "#0"},
				"west": {"uv": [9, 4.5, 9.5, 5.5], "texture": "#0"},
				"up": {"uv": [0, 0.5, 0, 0], "texture": "#0"},
				"down": {"uv": [0, 0, 0, 0.5], "texture": "#0"}
			}
		},
		{
			"from": [8, 1.27597, 9.61418],
			"to": [8, 2.02597, 11.11418],
			"rotation": {"angle": 0, "axis": "y", "origin": [7, 1.02597, 8.61418]},
			"faces": {
				"north": {"uv": [0, 0, 0, 0.5], "texture": "#0"},
				"east": {"uv": [9, 5.5, 10, 6], "texture": "#0"},
				"south": {"uv": [0, 0, 0, 0.5], "texture": "#0"},
				"west": {"uv": [6, 9, 7, 9.5], "texture": "#0"},
				"up": {"uv": [0, 1, 0, 0], "texture": "#0"},
				"down": {"uv": [0, 0, 0, 1], "texture": "#0"}
			}
		},
		{
			"from": [8, 5.5, -6],
			"to": [8, 6.5, -5],
			"rotation": {"angle": 0, "axis": "y", "origin": [6.5, 5.5, -7]},
			"faces": {
				"north": {"uv": [0, 0, 0, 0.5], "texture": "#0"},
				"east": {"uv": [9, 8.5, 9.5, 9], "texture": "#0"},
				"south": {"uv": [0, 0, 0, 0.5], "texture": "#0"},
				"west": {"uv": [9, 9, 9.5, 9.5], "texture": "#0"},
				"up": {"uv": [0, 0.5, 0, 0], "texture": "#0"},
				"down": {"uv": [0, 0, 0, 0.5], "texture": "#0"}
			}
		},
		{
			"from": [7, 6, 13],
			"to": [9, 6.5, 13],
			"rotation": {"angle": 0, "axis": "y", "origin": [14, 12, 26]},
			"faces": {
				"north": {"uv": [8, 9, 9, 9.5], "texture": "#0"},
				"east": {"uv": [0, 0, 0, 0.5], "texture": "#0"},
				"south": {"uv": [9, 8, 10, 8.5], "texture": "#0"},
				"west": {"uv": [0, 0, 0, 0.5], "texture": "#0"},
				"up": {"uv": [1, 0, 0, 0], "texture": "#0"},
				"down": {"uv": [1, 0, 0, 0], "texture": "#0"}
			}
		}
	],
	"display": {
		"thirdperson_righthand": {
			"translation": [0, 4, -0.5],
			"scale": [0.9, 0.9, 0.9]
		},
		"thirdperson_lefthand": {
			"translation": [0, 4, -0.5],
			"scale": [0.9, 0.9, 0.9]
		},
		"firstperson_righthand": {
			"translation": [-9, 18.5, 4.5],
			"scale": [0.95, 0.95, 0.95]
		},
		"firstperson_lefthand": {
			"translation": [-9, 18.5, 4.5],
			"scale": [0.95, 0.95, 0.95]
		},
		"ground": {
			"translation": [0, 3, 0]
		},
		"gui": {
			"rotation": [-23, 129, 24],
			"translation": [1.5, 2.75, 0],
			"scale": [0.75, 0.75, 0.75]
		}
	}
}