{
	"credit": "Made with Blockbench",
	"texture_size": [32, 32],
	"textures": {
		"0": "item/smg",
		"particle": "item/smg"
	},
	"elements": [
		{
			"from": [7.01, 7, 6],
			"to": [8.99, 9, 11],
			"rotation": {"angle": 22.5, "axis": "x", "origin": [8, 7, 6]},
			"faces": {
				"north": {"uv": [2, 7, 3, 8], "texture": "#0"},
				"east": {"uv": [5.5, 1, 8, 2], "texture": "#0"},
				"south": {"uv": [3, 7, 4, 8], "texture": "#0"},
				"west": {"uv": [5.5, 0, 8, 1], "texture": "#0"},
				"up": {"uv": [8, 3, 5.5, 2], "rotation": 270, "texture": "#0"},
				"down": {"uv": [8, 3, 5.5, 4], "rotation": 90, "texture": "#0"}
			}
		},
		{
			"from": [7, 7, 2],
			"to": [9, 9, 13],
			"rotation": {"angle": 0, "axis": "y", "origin": [7, 7, 5]},
			"faces": {
				"north": {"uv": [0, 7, 1, 8], "texture": "#0"},
				"east": {"uv": [0, 1, 5.5, 2], "texture": "#0"},
				"south": {"uv": [1, 7, 2, 8], "texture": "#0"},
				"west": {"uv": [0, 0, 5.5, 1], "texture": "#0"},
				"up": {"uv": [5.5, 3, 0, 2], "rotation": 270, "texture": "#0"},
				"down": {"uv": [5.5, 3, 0, 4], "rotation": 90, "texture": "#0"}
			}
		},
		{
			"name": "grip",
			"from": [7.005, 3, 10],
			"to": [8.995, 9, 12],
			"rotation": {"angle": -22.5, "axis": "x", "origin": [7, 7, 12]},
			"faces": {
				"north": {"uv": [1, 4, 2, 7], "texture": "#0"},
				"east": {"uv": [2, 4, 3, 7], "texture": "#0"},
				"south": {"uv": [3, 4, 4, 7], "texture": "#0"},
				"west": {"uv": [0, 4, 1, 7], "texture": "#0"},
				"up": {"uv": [5, 8, 4, 7], "rotation": 270, "texture": "#0"},
				"down": {"uv": [8, 4, 7, 5], "rotation": 90, "texture": "#0"}
			}
		},
		{
			"name": "barrel",
			"from": [7.625, 7.25, 0],
			"to": [8.375, 8, 2],
			"rotation": {"angle": 0, "axis": "y", "origin": [6.6, 7.25, 1.9]},
			"faces": {
				"north": {"uv": [7.5, 6.5, 8, 7], "texture": "#0"},
				"east": {"uv": [7, 5, 8, 5.5], "texture": "#0"},
				"south": {"uv": [7.5, 7, 8, 7.5], "texture": "#0"},
				"west": {"uv": [5, 7, 6, 7.5], "texture": "#0"},
				"up": {"uv": [8, 6, 7, 5.5], "rotation": 270, "texture": "#0"},
				"down": {"uv": [7, 7, 6, 7.5], "rotation": 90, "texture": "#0"}
			}
		},
		{
			"name": "mag",
			"from": [7.25, 1, 5.99],
			"to": [8.75, 7, 6.74],
			"rotation": {"angle": 22.5, "axis": "x", "origin": [6.75, 7, 6.49]},
			"faces": {
				"north": {"uv": [4, 4, 5, 7], "texture": "#0"},
				"east": {"uv": [6.5, 4, 7, 7], "texture": "#0"},
				"south": {"uv": [5, 4, 6, 7], "texture": "#0"},
				"west": {"uv": [6, 4, 6.5, 7], "texture": "#0"},
				"up": {"uv": [7.5, 7, 7, 6], "rotation": 270, "texture": "#0"},
				"down": {"uv": [7.5, 7, 7, 8], "rotation": 90, "texture": "#0"}
			}
		},
		{
			"from": [7.8806, 4.08658, 9.24],
			"to": [7.8806, 4.83658, 11.24],
			"rotation": {"angle": 0, "axis": "y", "origin": [7.8806, 4.83658, 9.24]},
			"faces": {
				"north": {"uv": [0, 0, 0, 0.5], "texture": "#0"},
				"east": {"uv": [7.5, 6, 8.5, 6.5], "texture": "#0"},
				"south": {"uv": [0, 0, 0, 0.5], "texture": "#0"},
				"west": {"uv": [6, 7.5, 7, 8], "texture": "#0"},
				"up": {"uv": [1, 0, 0, 0], "rotation": 270, "texture": "#0"},
				"down": {"uv": [1, 0, 0, 0], "rotation": 90, "texture": "#0"}
			}
		},
		{
			"from": [7.8806, 4.08658, 8.49],
			"to": [7.8806, 6.08658, 9.24],
			"rotation": {"angle": 0, "axis": "y", "origin": [6.8806, 3.08658, 10.49]},
			"faces": {
				"north": {"uv": [0, 0, 0, 1], "texture": "#0"},
				"east": {"uv": [5.5, 7.5, 6, 8.5], "texture": "#0"},
				"south": {"uv": [0, 0, 0, 1], "texture": "#0"},
				"west": {"uv": [5, 7.5, 5.5, 8.5], "texture": "#0"},
				"up": {"uv": [0.5, 0, 0, 0], "rotation": 270, "texture": "#0"},
				"down": {"uv": [0.5, 0, 0, 0], "rotation": 90, "texture": "#0"}
			}
		},
		{
			"from": [8, 9, 2],
			"to": [8, 9.75, 2.5],
			"rotation": {"angle": 0, "axis": "y", "origin": [8, 9, 2.5]},
			"faces": {
				"north": {"uv": [0, 0, 0, 0.5], "texture": "#0"},
				"east": {"uv": [0, 8, 0.5, 8.5], "texture": "#0"},
				"south": {"uv": [0, 0, 0, 0.5], "texture": "#0"},
				"west": {"uv": [7.5, 7.5, 8, 8], "texture": "#0"},
				"up": {"uv": [0.5, 0, 0, 0], "rotation": 270, "texture": "#0"},
				"down": {"uv": [0.5, 0, 0, 0], "rotation": 90, "texture": "#0"}
			}
		},
		{
			"from": [8, 9, 12],
			"to": [8, 9.5, 13],
			"rotation": {"angle": 0, "axis": "y", "origin": [8, 9, 12.5]},
			"faces": {
				"north": {"uv": [0, 0, 0, 0.5], "texture": "#0"},
				"east": {"uv": [0.5, 8, 1, 8.5], "texture": "#0"},
				"south": {"uv": [0, 0, 0, 0.5], "texture": "#0"},
				"west": {"uv": [8, 0, 8.5, 0.5], "texture": "#0"},
				"up": {"uv": [0.5, 0, 0, 0], "rotation": 270, "texture": "#0"},
				"down": {"uv": [0.5, 0, 0, 0], "rotation": 90, "texture": "#0"}
			}
		}
	],
	"display": {
		"thirdperson_righthand": {
			"translation": [0, 0.25, -1],
			"scale": [0.9, 0.9, 0.9]
		},
		"thirdperson_lefthand": {
			"translation": [0, 0.25, -1],
			"scale": [0.9, 0.9, 0.9]
		},
		"firstperson_righthand": {
			"rotation": [2, 0, 0],
			"translation": [-9, 16.25, -3]
		},
		"firstperson_lefthand": {
			"rotation": [2, 0, 0],
			"translation": [-9, 16.25, -3]
		},
		"gui": {
			"rotation": [-23, 129, 24],
			"translation": [1.25, 2.25, 0],
			"scale": [1.3, 1.3, 1.3]
		}
	},
	"groups": [
		{
			"name": "body",
			"origin": [8, 8, 8],
			"color": 0,
			"children": [0, 1]
		},
		2,
		3,
		4,
		{
			"name": "trigger",
			"origin": [8, 8, 8],
			"color": 0,
			"children": [5, 6]
		},
		{
			"name": "sights",
			"origin": [8, 8, 8],
			"color": 0,
			"children": [7, 8]
		}
	]
}