{
	"parent": "minecraft:item/generated",
	"textures": {
		"layer0": "minecraft:item/golden_horse_armor"
	},
	"overrides": [
		{"predicate": {"custom_model_data": 1}, "model": "item/weapons/pistol/idle"},
		{"predicate": {"custom_model_data": 2}, "model": "item/weapons/pistol/shooting"},
		{"predicate": {"custom_model_data": 3}, "model": "item/weapons/pistol/adsidle"},
		{"predicate": {"custom_model_data": 4}, "model": "item/weapons/pistol/adsshooting"},
		{"predicate": {"custom_model_data": 5}, "model": "item/weapons/pistol/reloading"},
		{"predicate": {"custom_model_data": 6}, "model": "item/weapons/smg/idle"},
		{"predicate": {"custom_model_data": 7}, "model": "item/weapons/smg/shooting"},
		{"predicate": {"custom_model_data": 8}, "model": "item/weapons/smg/adsidle"},
		{"predicate": {"custom_model_data": 9}, "model": "item/weapons/smg/adsshooting"},
		{"predicate": {"custom_model_data": 10}, "model": "item/weapons/smg/reloading"},
		{"predicate": {"custom_model_data": 11}, "model": "item/weapons/rifle/idle"},
		{"predicate": {"custom_model_data": 12}, "model": "item/weapons/rifle/shooting"},
		{"predicate": {"custom_model_data": 13}, "model": "item/weapons/rifle/adsidle"},
		{"predicate": {"custom_model_data": 14}, "model": "item/weapons/rifle/adsshooting"},
		{"predicate": {"custom_model_data": 15}, "model": "item/weapons/rifle/reloading"},
		{"predicate": {"custom_model_data": 16}, "model": "item/weapons/sniper/idle"},
		{"predicate": {"custom_model_data": 17}, "model": "item/weapons/sniper/shooting"},
		{"predicate": {"custom_model_data": 18}, "model": "item/weapons/sniper/adsidle"},
		{"predicate": {"custom_model_data": 19}, "model": "item/weapons/sniper/adsshooting"},
		{"predicate": {"custom_model_data": 20}, "model": "item/weapons/sniper/reloading"},
		{"predicate": {"custom_model_data": 21}, "model": "item/weapons/shotgun/idle"},
		{"predicate": {"custom_model_data": 21}, "model": "item/weapons/shotgun/shooting"},
		{"predicate": {"custom_model_data": 23}, "model": "item/weapons/shotgun/adsidle"},
		{"predicate": {"custom_model_data": 24}, "model": "item/weapons/shotgun/adsshooting"},
		{"predicate": {"custom_model_data": 25}, "model": "item/weapons/shotgun/reloading"}
	]
}