{
	"credit": "Made with Blockbench",
	"textures": {
		"1": "item/pistol"
	},
	"elements": [
		{
			"name": "Barrel",
			"from": [7, 6, -2],
			"to": [9, 8, 10],
			"rotation": {"angle": 0, "axis": "y", "origin": [8, 6, 4]},
			"faces": {
				"north": {"uv": [6, 9, 8, 11], "texture": "#1"},
				"east": {"uv": [0, 0, 12, 2], "texture": "#1"},
				"south": {"uv": [8, 9, 10, 11], "texture": "#1"},
				"west": {"uv": [0, 2, 12, 4], "texture": "#1"},
				"up": {"uv": [2, 16, 0, 4], "texture": "#1"},
				"down": {"uv": [4, 4, 2, 16], "texture": "#1"}
			}
		},
		{
			"from": [7, 1, 6],
			"to": [9, 6, 8],
			"rotation": {"angle": 0, "axis": "y", "origin": [7, 4, 6]},
			"faces": {
				"north": {"uv": [4, 4, 6, 9], "texture": "#1"},
				"east": {"uv": [6, 4, 8, 9], "texture": "#1"},
				"south": {"uv": [8, 4, 10, 9], "texture": "#1"},
				"west": {"uv": [4, 9, 6, 14], "texture": "#1"},
				"up": {"uv": [12, 6, 10, 4], "texture": "#1"},
				"down": {"uv": [12, 6, 10, 8], "texture": "#1"}
			}
		},
		{
			"from": [7.01, 6, 7],
			"to": [8.99, 7, 9],
			"rotation": {"angle": -45, "axis": "x", "origin": [7, 6, 9]},
			"faces": {
				"north": {"uv": [12, 2, 14, 3], "texture": "#1"},
				"east": {"uv": [12, 3, 14, 4], "texture": "#1"},
				"south": {"uv": [12, 4, 14, 5], "texture": "#1"},
				"west": {"uv": [12, 5, 14, 6], "texture": "#1"},
				"up": {"uv": [9, 13, 7, 11], "texture": "#1"},
				"down": {"uv": [13, 8, 11, 10], "texture": "#1"}
			}
		},
		{
			"name": "Trigger",
			"from": [8, 4, 5],
			"to": [8, 6, 6],
			"rotation": {"angle": 22.5, "axis": "x", "origin": [8, 5, 6]},
			"faces": {
				"north": {"uv": [0, 0, 0, 2], "texture": "#1"},
				"east": {"uv": [9, 11, 10, 13], "texture": "#1"},
				"south": {"uv": [0, 0, 0, 2], "texture": "#1"},
				"west": {"uv": [11, 10, 12, 12], "texture": "#1"},
				"up": {"uv": [0, 1, 0, 0], "texture": "#1"},
				"down": {"uv": [0, 0, 0, 1], "texture": "#1"}
			}
		},
		{
			"from": [8, 3, 4],
			"to": [8, 7, 5],
			"rotation": {"angle": -22.5, "axis": "x", "origin": [8, 3, 4]},
			"faces": {
				"north": {"uv": [0, 0, 0, 4], "texture": "#1"},
				"east": {"uv": [10, 8, 11, 12], "texture": "#1"},
				"south": {"uv": [0, 0, 0, 4], "texture": "#1"},
				"west": {"uv": [6, 11, 7, 15], "texture": "#1"},
				"up": {"uv": [0, 1, 0, 0], "texture": "#1"},
				"down": {"uv": [0, 0, 0, 1], "texture": "#1"}
			}
		},
		{
			"from": [8, 3, 4],
			"to": [8, 4, 6],
			"rotation": {"angle": 0, "axis": "x", "origin": [8, 4, 3]},
			"faces": {
				"north": {"uv": [0, 0, 0, 1], "texture": "#1"},
				"east": {"uv": [12, 0, 14, 1], "texture": "#1"},
				"south": {"uv": [0, 0, 0, 1], "texture": "#1"},
				"west": {"uv": [12, 1, 14, 2], "texture": "#1"},
				"up": {"uv": [0, 2, 0, 0], "texture": "#1"},
				"down": {"uv": [0, 0, 0, 2], "texture": "#1"}
			}
		},
		{
			"from": [8, 8, -2],
			"to": [8, 9, -1],
			"rotation": {"angle": 22.5, "axis": "x", "origin": [7, 8, -2]},
			"faces": {
				"north": {"uv": [0, 0, 0, 1], "texture": "#1"},
				"east": {"uv": [10, 12, 11, 13], "texture": "#1"},
				"south": {"uv": [0, 0, 0, 1], "texture": "#1"},
				"west": {"uv": [12, 10, 13, 11], "texture": "#1"},
				"up": {"uv": [0, 1, 0, 0], "texture": "#1"},
				"down": {"uv": [0, 0, 0, 1], "texture": "#1"}
			}
		},
		{
			"from": [7, 8, 10],
			"to": [9, 8.3, 10],
			"rotation": {"angle": 22.5, "axis": "x", "origin": [7, 8, 10]},
			"faces": {
				"north": {"uv": [12, 6, 14, 7], "texture": "#1"},
				"east": {"uv": [0, 0, 0, 1], "texture": "#1"},
				"south": {"uv": [12, 7, 14, 8], "texture": "#1"},
				"west": {"uv": [0, 0, 0, 1], "texture": "#1"},
				"up": {"uv": [2, 0, 0, 0], "texture": "#1"},
				"down": {"uv": [2, 0, 0, 0], "texture": "#1"}
			}
		}
	],
	"display": {
		"thirdperson_righthand": {
			"translation": [0, 1.75, 2],
			"scale": [0.8, 0.8, 0.8]
		},
		"thirdperson_lefthand": {
			"translation": [0, 1.75, 2],
			"scale": [0.8, 0.8, 0.8]
		},
		"firstperson_righthand": {
			"translation": [4, 3.75, -1.5]
		},
		"firstperson_lefthand": {
			"translation": [4, 3.75, -1.5]
		},
		"gui": {
			"rotation": [-23, 129, 24],
			"translation": [4.75, 2.5, 0],
			"scale": [1.3, 1.3, 1.3]
		}
	},
	"groups": [
		0,
		{
			"name": "Handle",
			"origin": [7, 6, 9],
			"color": 0,
			"children": [1, 2]
		},
		3,
		{
			"name": "Triggerguard",
			"origin": [8, 4, 3],
			"color": 0,
			"children": [4, 5]
		},
		{
			"name": "Aim",
			"origin": [7, 13, 12],
			"color": 0,
			"children": [6, 7]
		}
	]
}