{
	"credit": "Made with Blockbench",
	"texture_size": [32, 32],
	"elements": [
		{
			"from": [7, 5, -1],
			"to": [8, 6, 4],
			"rotation": {"angle": 0, "axis": "y", "origin": [7, 5, -6]},
			"color": 1,
			"faces": {
				"north": {"uv": [0, 0, 0.5, 0.5], "texture": "#missing"},
				"east": {"uv": [0, 0, 2.5, 0.5], "texture": "#missing"},
				"south": {"uv": [0, 0, 0.5, 0.5], "texture": "#missing"},
				"west": {"uv": [0, 0, 2.5, 0.5], "texture": "#missing"},
				"up": {"uv": [0, 0, 0.5, 2.5], "texture": "#missing"},
				"down": {"uv": [0, 0, 0.5, 2.5], "texture": "#missing"}
			}
		},
		{
			"from": [6.5, 4.5, 4],
			"to": [8.5, 6.5, 15],
			"rotation": {"angle": 0, "axis": "y", "origin": [7, 4, 4]},
			"color": 5,
			"faces": {
				"north": {"uv": [0, 0, 1, 1], "texture": "#missing"},
				"east": {"uv": [0, 0, 5.5, 1], "texture": "#missing"},
				"south": {"uv": [0, 0, 1, 1], "texture": "#missing"},
				"west": {"uv": [0, 0, 5.5, 1], "texture": "#missing"},
				"up": {"uv": [0, 0, 1, 5.5], "texture": "#missing"},
				"down": {"uv": [0, 0, 1, 5.5], "texture": "#missing"}
			}
		}
	]
}